Chromosome Number, SNP Position, SNP Sequence, Seq (A), Seq (C), Seq (T), Seq (G), Tm (A), Tm (C), Tm (T), Tm (G)
1, 3165994, AGTTAGGAAAGG[G/C]CCATCATACTCA, AGTTAGGAAAGGACCATCATACTCA, AGTTAGGAAAGGCCCATCATACTCA, AGTTAGGAAAGGTCCATCATACTCA, AGTTAGGAAAGGGCCATCATACTCA, 49.3, 51, 49.3, 51
1, 3166100, TAGAGCATTTTT[T/A]AAAAAATAACTA, TAGAGCATTTTTAAAAAAATAACTA, TAGAGCATTTTTCAAAAAATAACTA, TAGAGCATTTTTTAAAAAATAACTA, TAGAGCATTTTTGAAAAAATAACTA, 39.5, 41.1, 39.5, 41.1
1, 3169949, CTGTAAGCTGGG[C/T]ACGGGGTATACN, CTGTAAGCTGGGAACGGGGTATACN, CTGTAAGCTGGGCACGGGGTATACN, CTGTAAGCTGGGTACGGGGTATACN, CTGTAAGCTGGGGACGGGGTATACN, 54.2, 55.9, 54.2, 55.9
1, 3169961, NACGGGGTATAC[A/C]GTGAGAGAGCCT, NACGGGGTATACAGTGAGAGAGCCT, NACGGGGTATACCGTGAGAGAGCCT, NACGGGGTATACTGTGAGAGAGCCT, NACGGGGTATACGGTGAGAGAGCCT, 54.2, 55.9, 54.2, 55.9
1, 3170063, TATACTATAATA[C/A]AAGTAATACATA, TATACTATAATAAAAGTAATACATA, TATACTATAATACAAGTAATACATA, TATACTATAATATAAGTAATACATA, TATACTATAATAGAAGTAATACATA, 37.8, 39.5, 37.8, 39.5
1, 3170104, TCACTTATGTGA[C/T]TATACTTATGAA, TCACTTATGTGAATATACTTATGAA, TCACTTATGTGACTATACTTATGAA, TCACTTATGTGATTATACTTATGAA, TCACTTATGTGAGTATACTTATGAA, 42.8, 44.4, 42.8, 44.4
1, 3195741, TTATTTATTGTC[A/G]TTTTGTTAACTA, TTATTTATTGTCATTTTGTTAACTA, TTATTTATTGTCCTTTTGTTAACTA, TTATTTATTGTCTTTTTGTTAACTA, TTATTTATTGTCGTTTTGTTAACTA, 39.5, 41.1, 39.5, 41.1
1, 3195770, ATATGAGATAAT[T/C]TTTTGGTGGTTT, ATATGAGATAATATTTTGGTGGTTT, ATATGAGATAATCTTTTGGTGGTTT, ATATGAGATAATTTTTTGGTGGTTT, ATATGAGATAATGTTTTGGTGGTTT, 42.8, 44.4, 42.8, 44.4
1, 3196057, GTGTGTATGAGG[C/T]TATGTGAGTGTA, GTGTGTATGAGGATATGTGAGTGTA, GTGTGTATGAGGCTATGTGAGTGTA, GTGTGTATGAGGTTATGTGAGTGTA, GTGTGTATGAGGGTATGTGAGTGTA, 49.3, 51, 49.3, 51
1, 3200436, TTTGAGATTTTT[C/T]TCATCCACACTG, TTTGAGATTTTTATCATCCACACTG, TTTGAGATTTTTCTCATCCACACTG, TTTGAGATTTTTTTCATCCACACTG, TTTGAGATTTTTGTCATCCACACTG, 46, 47.7, 46, 47.7
1, 3200699, GCCTAGAAAGGA[G/A]TAGAAGGACGTT, GCCTAGAAAGGAATAGAAGGACGTT, GCCTAGAAAGGACTAGAAGGACGTT, GCCTAGAAAGGATTAGAAGGACGTT, GCCTAGAAAGGAGTAGAAGGACGTT, 51, 52.6, 51, 52.6
1, 3200745, AACAGAATAGCA[T/C]AAAGTGGGGAAA, AACAGAATAGCAAAAAGTGGGGAAA, AACAGAATAGCACAAAGTGGGGAAA, AACAGAATAGCATAAAGTGGGGAAA, AACAGAATAGCAGAAAGTGGGGAAA, 47.7, 49.3, 47.7, 49.3
1, 3200836, CCTGCTGCCTCA[T/C]TGCATGGGGGAA, CCTGCTGCCTCAATGCATGGGGGAA, CCTGCTGCCTCACTGCATGGGGGAA, CCTGCTGCCTCATTGCATGGGGGAA, CCTGCTGCCTCAGTGCATGGGGGAA, 57.5, 59.2, 57.5, 59.2
1, 3374660, TCTTAGCCCCAG[C/A]TGGACTTTTTTA, TCTTAGCCCCAGATGGACTTTTTTA, TCTTAGCCCCAGCTGGACTTTTTTA, TCTTAGCCCCAGTTGGACTTTTTTA, TCTTAGCCCCAGGTGGACTTTTTTA, 49.3, 51, 49.3, 51
1, 3374738, AAGAGCCCATAT[T/C]ATTTGGAGGGCC, AAGAGCCCATATAATTTGGAGGGCC, AAGAGCCCATATCATTTGGAGGGCC, AAGAGCCCATATTATTTGGAGGGCC, AAGAGCCCATATGATTTGGAGGGCC, 52.6, 54.2, 52.6, 54.2
1, 3408437, CACTTATTAGAA[G/A]CAAGAAAAGAAA, CACTTATTAGAAACAAGAAAAGAAA, CACTTATTAGAACCAAGAAAAGAAA, CACTTATTAGAATCAAGAAAAGAAA, CACTTATTAGAAGCAAGAAAAGAAA, 42.8, 44.4, 42.8, 44.4
1, 3495850, TAGGGAAAACTC[A/G]TCTTATGACACC, TAGGGAAAACTCATCTTATGACACC, TAGGGAAAACTCCTCTTATGACACC, TAGGGAAAACTCTTCTTATGACACC, TAGGGAAAACTCGTCTTATGACACC, 49.3, 51, 49.3, 51
1, 3496136, CTCTTTACATTC[A/G]GCCATTCATTCA, CTCTTTACATTCAGCCATTCATTCA, CTCTTTACATTCCGCCATTCATTCA, CTCTTTACATTCTGCCATTCATTCA, CTCTTTACATTCGGCCATTCATTCA, 47.7, 49.3, 47.7, 49.3
1, 3582462, ATGAGAGACTTC[C/T]TACAACATTCGA, ATGAGAGACTTCATACAACATTCGA, ATGAGAGACTTCCTACAACATTCGA, ATGAGAGACTTCTTACAACATTCGA, ATGAGAGACTTCGTACAACATTCGA, 47.7, 49.3, 47.7, 49.3
1, 4147460, GCACAGTGGGCA[C/T]TAAAGAAAGGAA, GCACAGTGGGCAATAAAGAAAGGAA, GCACAGTGGGCACTAAAGAAAGGAA, GCACAGTGGGCATTAAAGAAAGGAA, GCACAGTGGGCAGTAAAGAAAGGAA, 51, 52.6, 51, 52.6
1, 4147504, TATCTATTAAAA[G/A]TGTATTTCTAGC, TATCTATTAAAAATGTATTTCTAGC, TATCTATTAAAACTGTATTTCTAGC, TATCTATTAAAATTGTATTTCTAGC, TATCTATTAAAAGTGTATTTCTAGC, 41.1, 42.8, 41.1, 42.8
1, 4147733, TTACCTCTCATG[A/T]GCCTTCCTCTGC, TTACCTCTCATGAGCCTTCCTCTGC, TTACCTCTCATGCGCCTTCCTCTGC, TTACCTCTCATGTGCCTTCCTCTGC, TTACCTCTCATGGGCCTTCCTCTGC, 54.2, 55.9, 54.2, 55.9
1, 4147774, TTGTTGTGAGAG[T/C]NCCCTGTAATCT, TTGTTGTGAGAGANCCCTGTAATCT, TTGTTGTGAGAGCNCCCTGTAATCT, TTGTTGTGAGAGTNCCCTGTAATCT, TTGTTGTGAGAGGNCCCTGTAATCT, 49.3, 51, 49.3, 51
1, 4147775, TGTTGTGAGAGN[G/A]CCCTGTAATCTT, TGTTGTGAGAGNACCCTGTAATCTT, TGTTGTGAGAGNCCCCTGTAATCTT, TGTTGTGAGAGNTCCCTGTAATCTT, TGTTGTGAGAGNGCCCTGTAATCTT, 49.3, 51, 49.3, 51
1, 4147798, TTCGTTCCTAAA[T/C]ACAATCNGTTTA, TTCGTTCCTAAAAACAATCNGTTTA, TTCGTTCCTAAACACAATCNGTTTA, TTCGTTCCTAAATACAATCNGTTTA, TTCGTTCCTAAAGACAATCNGTTTA, 44.4, 46, 44.4, 46
1, 4147805, CTAAANACAATC[A/C]GTTTATCACATC, CTAAANACAATCAGTTTATCACATC, CTAAANACAATCCGTTTATCACATC, CTAAANACAATCTGTTTATCACATC, CTAAANACAATCGGTTTATCACATC, 44.4, 46, 44.4, 46
1, 4151831, TTGGGGATCTCA[T/C]CTGTCCTCCTGG, TTGGGGATCTCAACTGTCCTCCTGG, TTGGGGATCTCACCTGTCCTCCTGG, TTGGGGATCTCATCTGTCCTCCTGG, TTGGGGATCTCAGCTGTCCTCCTGG, 55.9, 57.5, 55.9, 57.5
1, 4208990, TGGGAAAGTGGG[G/A]AGCANCTGCTTA, TGGGAAAGTGGGAAGCANCTGCTTA, TGGGAAAGTGGGCAGCANCTGCTTA, TGGGAAAGTGGGTAGCANCTGCTTA, TGGGAAAGTGGGGAGCANCTGCTTA, 52.6, 54.2, 52.6, 54.2
1, 4208995, AAGTGGGNAGCA[T/C]CTGCTTAGAGAT, AAGTGGGNAGCAACTGCTTAGAGAT, AAGTGGGNAGCACCTGCTTAGAGAT, AAGTGGGNAGCATCTGCTTAGAGAT, AAGTGGGNAGCAGCTGCTTAGAGAT, 51, 52.6, 51, 52.6
1, 4209063, GGGAAGAAGAAC[G/A]TCATTTGAAATG, GGGAAGAAGAACATCATTTGAAATG, GGGAAGAAGAACCTCATTTGAAATG, GGGAAGAAGAACTTCATTTGAAATG, GGGAAGAAGAACGTCATTTGAAATG, 47.7, 49.3, 47.7, 49.3
1, 4209179, TCCCTTGAAGAC[T/A]CTATGTGAGTTA, TCCCTTGAAGACACTATGTGAGTTA, TCCCTTGAAGACCCTATGTGAGTTA, TCCCTTGAAGACTCTATGTGAGTTA, TCCCTTGAAGACGCTATGTGAGTTA, 49.3, 51, 49.3, 51
1, 4209244, AAAGAATTGGCT[C/G]TAATTAACAATA, AAAGAATTGGCTATAATTAACAATA, AAAGAATTGGCTCTAATTAACAATA, AAAGAATTGGCTTTAATTAACAATA, AAAGAATTGGCTGTAATTAACAATA, 41.1, 42.8, 41.1, 42.8
1, 4209265, AATATACCAGAA[T/A]CACTAAAGAAAA, AATATACCAGAAACACTAAAGAAAA, AATATACCAGAACCACTAAAGAAAA, AATATACCAGAATCACTAAAGAAAA, AATATACCAGAAGCACTAAAGAAAA, 42.8, 44.4, 42.8, 44.4
1, 4209352, GAAGAAACCAGC[G/A]GCTTCTTCTAAC, GAAGAAACCAGCAGCTTCTTCTAAC, GAAGAAACCAGCCGCTTCTTCTAAC, GAAGAAACCAGCTGCTTCTTCTAAC, GAAGAAACCAGCGGCTTCTTCTAAC, 51, 52.6, 51, 52.6
1, 4617642, CGAAACCTAACT[C/T]CCAGGAGGGCGA, CGAAACCTAACTACCAGGAGGGCGA, CGAAACCTAACTCCCAGGAGGGCGA, CGAAACCTAACTTCCAGGAGGGCGA, CGAAACCTAACTGCCAGGAGGGCGA, 55.9, 57.5, 55.9, 57.5
1, 4682884, CATGGAAGGTGA[G/A]GGCCCACATCTG, CATGGAAGGTGAAGGCCCACATCTG, CATGGAAGGTGACGGCCCACATCTG, CATGGAAGGTGATGGCCCACATCTG, CATGGAAGGTGAGGGCCCACATCTG, 55.9, 57.5, 55.9, 57.5
1, 4733182, GTCCTGCCTCTG[G/T]TTCCTAGCCATC, GTCCTGCCTCTGATTCCTAGCCATC, GTCCTGCCTCTGCTTCCTAGCCATC, GTCCTGCCTCTGTTTCCTAGCCATC, GTCCTGCCTCTGGTTCCTAGCCATC, 55.9, 57.5, 55.9, 57.5
1, 4771647, AAACACATAAAT[C/T]TAAGGTAATTGC, AAACACATAAATATAAGGTAATTGC, AAACACATAAATCTAAGGTAATTGC, AAACACATAAATTTAAGGTAATTGC, AAACACATAAATGTAAGGTAATTGC, 42.8, 44.4, 42.8, 44.4
1, 4771711, CTTTTAAGTGTG[G/A]AATTTTCCACCA, CTTTTAAGTGTGAAATTTTCCACCA, CTTTTAAGTGTGCAATTTTCCACCA, CTTTTAAGTGTGTAATTTTCCACCA, CTTTTAAGTGTGGAATTTTCCACCA, 46, 47.7, 46, 47.7
1, 4771796, CTAAGAATGTTT[G/A]AACTTATTTNCA, CTAAGAATGTTTAAACTTATTTNCA, CTAAGAATGTTTCAACTTATTTNCA, CTAAGAATGTTTTAACTTATTTNCA, CTAAGAATGTTTGAACTTATTTNCA, 41.1, 42.8, 41.1, 42.8
1, 4771806, TTNAACTTATTT[T/C]CAANTGTAAATT, TTNAACTTATTTACAANTGTAAATT, TTNAACTTATTTCCAANTGTAAATT, TTNAACTTATTTTCAANTGTAAATT, TTNAACTTATTTGCAANTGTAAATT, 37.8, 39.5, 37.8, 39.5
1, 4771810, ACTTATTTNCAA[G/A]TGTAAATTAATG, ACTTATTTNCAAATGTAAATTAATG, ACTTATTTNCAACTGTAAATTAATG, ACTTATTTNCAATTGTAAATTAATG, ACTTATTTNCAAGTGTAAATTAATG, 39.5, 41.1, 39.5, 41.1
1, 4771910, AGGTCTACATAG[T/A]GATATTTAGTCC, AGGTCTACATAGAGATATTTAGTCC, AGGTCTACATAGCGATATTTAGTCC, AGGTCTACATAGTGATATTTAGTCC, AGGTCTACATAGGGATATTTAGTCC, 47.7, 49.3, 47.7, 49.3
1, 4774923, CGAGGCACAGGA[G/A]CAAGACTGGAGG, CGAGGCACAGGAACAAGACTGGAGG, CGAGGCACAGGACCAAGACTGGAGG, CGAGGCACAGGATCAAGACTGGAGG, CGAGGCACAGGAGCAAGACTGGAGG, 57.5, 59.2, 57.5, 59.2
1, 4774999, GCTGTAGGCCTC[A/G]AGTCTCAATTTA, GCTGTAGGCCTCAAGTCTCAATTTA, GCTGTAGGCCTCCAGTCTCAATTTA, GCTGTAGGCCTCTAGTCTCAATTTA, GCTGTAGGCCTCGAGTCTCAATTTA, 51, 52.6, 51, 52.6
1, 4775069, TCAGTGACCTTG[A/G]CTGGATGTCTTT, TCAGTGACCTTGACTGGATGTCTTT, TCAGTGACCTTGCCTGGATGTCTTT, TCAGTGACCTTGTCTGGATGTCTTT, TCAGTGACCTTGGCTGGATGTCTTT, 51, 52.6, 51, 52.6
1, 4798971, TGCAATAGGTCA[A/G]ATATCAGTNTTT, TGCAATAGGTCAAATATCAGTNTTT, TGCAATAGGTCACATATCAGTNTTT, TGCAATAGGTCATATATCAGTNTTT, TGCAATAGGTCAGATATCAGTNTTT, 44.4, 46, 44.4, 46
1, 4798980, TCANATATCAGT[G/A]TTTTGCAATAAC, TCANATATCAGTATTTTGCAATAAC, TCANATATCAGTCTTTTGCAATAAC, TCANATATCAGTTTTTTGCAATAAC, TCANATATCAGTGTTTTGCAATAAC, 42.8, 44.4, 42.8, 44.4
1, 4799018, GTTTGGAATAAG[G/A]AATAAACATTTC, GTTTGGAATAAGAAATAAACATTTC, GTTTGGAATAAGCAATAAACATTTC, GTTTGGAATAAGTAATAAACATTTC, GTTTGGAATAAGGAATAAACATTTC, 42.8, 44.4, 42.8, 44.4
1, 4799113, AACAGCTTCATA[A/G]TAGGGTATTCAA, AACAGCTTCATAATAGGGTATTCAA, AACAGCTTCATACTAGGGTATTCAA, AACAGCTTCATATTAGGGTATTCAA, AACAGCTTCATAGTAGGGTATTCAA, 46, 47.7, 46, 47.7
1, 4803090, AAAGACTGAAGA[C/T]CATCAAAATGTT, AAAGACTGAAGAACATCAAAATGTT, AAAGACTGAAGACCATCAAAATGTT, AAAGACTGAAGATCATCAAAATGTT, AAAGACTGAAGAGCATCAAAATGTT, 44.4, 46, 44.4, 46
1, 4803151, GAGTCCTATTTA[C/T]ACTCCCTCCAAA, GAGTCCTATTTAAACTCCCTCCAAA, GAGTCCTATTTACACTCCCTCCAAA, GAGTCCTATTTATACTCCCTCCAAA, GAGTCCTATTTAGACTCCCTCCAAA, 49.3, 51, 49.3, 51
1, 4803217, TGTCTTAGCAAA[A/G]CTCCATGTGAGT, TGTCTTAGCAAAACTCCATGTGAGT, TGTCTTAGCAAACCTCCATGTGAGT, TGTCTTAGCAAATCTCCATGTGAGT, TGTCTTAGCAAAGCTCCATGTGAGT, 49.3, 51, 49.3, 51
1, 4803262, GGCTTGAGTCCA[T/A]GGAAATTTGTTT, GGCTTGAGTCCAAGGAAATTTGTTT, GGCTTGAGTCCACGGAAATTTGTTT, GGCTTGAGTCCATGGAAATTTGTTT, GGCTTGAGTCCAGGGAAATTTGTTT, 49.3, 51, 49.3, 51
1, 4803483, AAACACCATCCA[G/A]CACAATTGACTT, AAACACCATCCAACACAATTGACTT, AAACACCATCCACCACAATTGACTT, AAACACCATCCATCACAATTGACTT, AAACACCATCCAGCACAATTGACTT, 47.7, 49.3, 47.7, 49.3
1, 4827761, GCAATCCTCTTG[T/G]CCTAGCCATCCG, GCAATCCTCTTGACCTAGCCATCCG, GCAATCCTCTTGCCCTAGCCATCCG, GCAATCCTCTTGTCCTAGCCATCCG, GCAATCCTCTTGGCCTAGCCATCCG, 55.9, 57.5, 55.9, 57.5
1, 4870101, ACAGTTGTTCTA[G/A]GTCACAAACAGT, ACAGTTGTTCTAAGTCACAAACAGT, ACAGTTGTTCTACGTCACAAACAGT, ACAGTTGTTCTATGTCACAAACAGT, ACAGTTGTTCTAGGTCACAAACAGT, 47.7, 49.3, 47.7, 49.3
1, 4876152, AAATTCCCCTTC[A/T]CTGTGTCATCTC, AAATTCCCCTTCACTGTGTCATCTC, AAATTCCCCTTCCCTGTGTCATCTC, AAATTCCCCTTCTCTGTGTCATCTC, AAATTCCCCTTCGCTGTGTCATCTC, 51, 52.6, 51, 52.6
1, 4876363, ACTGAGCCACAC[T/C]CCAGCTACAAAC, ACTGAGCCACACACCAGCTACAAAC, ACTGAGCCACACCCCAGCTACAAAC, ACTGAGCCACACTCCAGCTACAAAC, ACTGAGCCACACGCCAGCTACAAAC, 54.2, 55.9, 54.2, 55.9
1, 4904488, AATTTTTATCTC[T/G]NCTTACTCAAGT, AATTTTTATCTCANCTTACTCAAGT, AATTTTTATCTCCNCTTACTCAAGT, AATTTTTATCTCTNCTTACTCAAGT, AATTTTTATCTCGNCTTACTCAAGT, 42.8, 44.4, 42.8, 44.4
1, 4904489, ATTTTTATCTCN[G/T]CTTACTCAAGTA, ATTTTTATCTCNACTTACTCAAGTA, ATTTTTATCTCNCCTTACTCAAGTA, ATTTTTATCTCNTCTTACTCAAGTA, ATTTTTATCTCNGCTTACTCAAGTA, 42.8, 44.4, 42.8, 44.4
1, 4904669, TTTATATATTTG[G/T]TCTTCATTACAT, TTTATATATTTGATCTTCATTACAT, TTTATATATTTGCTCTTCATTACAT, TTTATATATTTGTTCTTCATTACAT, TTTATATATTTGGTCTTCATTACAT, 39.5, 41.1, 39.5, 41.1
1, 5193877, TCTTTCAAATCA[A/G]ACAATACTTATG, TCTTTCAAATCAAACAATACTTATG, TCTTTCAAATCACACAATACTTATG, TCTTTCAAATCATACAATACTTATG, TCTTTCAAATCAGACAATACTTATG, 42.8, 44.4, 42.8, 44.4
1, 5230045, GAAGCAGACTGG[C/G]AGTGGGTCAAGG, GAAGCAGACTGGAAGTGGGTCAAGG, GAAGCAGACTGGCAGTGGGTCAAGG, GAAGCAGACTGGTAGTGGGTCAAGG, GAAGCAGACTGGGAGTGGGTCAAGG, 55.9, 57.5, 55.9, 57.5
1, 5230073, AGTCTGGCGATG[T/C]GCTTCCTCCAAC, AGTCTGGCGATGAGCTTCCTCCAAC, AGTCTGGCGATGCGCTTCCTCCAAC, AGTCTGGCGATGTGCTTCCTCCAAC, AGTCTGGCGATGGGCTTCCTCCAAC, 55.9, 57.5, 55.9, 57.5
1, 5230167, TTCTCCTTCACA[C/T]CACAACAGGGGC, TTCTCCTTCACAACACAACAGGGGC, TTCTCCTTCACACCACAACAGGGGC, TTCTCCTTCACATCACAACAGGGGC, TTCTCCTTCACAGCACAACAGGGGC, 54.2, 55.9, 54.2, 55.9
1, 5243629, TTGACTAATGAG[G/C]TAAAGAATGTAG, TTGACTAATGAGATAAAGAATGTAG, TTGACTAATGAGCTAAAGAATGTAG, TTGACTAATGAGTTAAAGAATGTAG, TTGACTAATGAGGTAAAGAATGTAG, 44.4, 46, 44.4, 46
1, 5243685, ATGTCAATCACC[T/A]CTAGAAAGAGCT, ATGTCAATCACCACTAGAAAGAGCT, ATGTCAATCACCCCTAGAAAGAGCT, ATGTCAATCACCTCTAGAAAGAGCT, ATGTCAATCACCGCTAGAAAGAGCT, 49.3, 51, 49.3, 51
1, 5243768, TTGAGATAAATG[A/G]CCAGCAGGGCAA, TTGAGATAAATGACCAGCAGGGCAA, TTGAGATAAATGCCCAGCAGGGCAA, TTGAGATAAATGTCCAGCAGGGCAA, TTGAGATAAATGGCCAGCAGGGCAA, 51, 52.6, 51, 52.6
1, 5244028, TATGAAGGCAAT[A/G]CTAATCAGATTG, TATGAAGGCAATACTAATCAGATTG, TATGAAGGCAATCCTAATCAGATTG, TATGAAGGCAATTCTAATCAGATTG, TATGAAGGCAATGCTAATCAGATTG, 46, 47.7, 46, 47.7
1, 5244305, AACCTTAAATTA[G/A]TAATTGAAGGAA, AACCTTAAATTAATAATTGAAGGAA, AACCTTAAATTACTAATTGAAGGAA, AACCTTAAATTATTAATTGAAGGAA, AACCTTAAATTAGTAATTGAAGGAA, 41.1, 42.8, 41.1, 42.8
1, 5244403, CTTTTATCTGAT[G/A]CTCTCATTCACC, CTTTTATCTGATACTCTCATTCACC, CTTTTATCTGATCCTCTCATTCACC, CTTTTATCTGATTCTCTCATTCACC, CTTTTATCTGATGCTCTCATTCACC, 47.7, 49.3, 47.7, 49.3
1, 5244568, TCATAGATGGGT[C/T]TTATAATGTGTA, TCATAGATGGGTATTATAATGTGTA, TCATAGATGGGTCTTATAATGTGTA, TCATAGATGGGTTTTATAATGTGTA, TCATAGATGGGTGTTATAATGTGTA, 44.4, 46, 44.4, 46
1, 5244610, ACTAAACAGATA[C/T]TAAGACAAGGAG, ACTAAACAGATAATAAGACAAGGAG, ACTAAACAGATACTAAGACAAGGAG, ACTAAACAGATATTAAGACAAGGAG, ACTAAACAGATAGTAAGACAAGGAG, 46, 47.7, 46, 47.7
1, 5248657, TGGGACTCATGA[G/A]AATTCAGCAGAG, TGGGACTCATGAAAATTCAGCAGAG, TGGGACTCATGACAATTCAGCAGAG, TGGGACTCATGATAATTCAGCAGAG, TGGGACTCATGAGAATTCAGCAGAG, 51, 52.6, 51, 52.6
1, 5248713, CCTCTGAATATG[C/T]TGTGGCTGAGTA, CCTCTGAATATGATGTGGCTGAGTA, CCTCTGAATATGCTGTGGCTGAGTA, CCTCTGAATATGTTGTGGCTGAGTA, CCTCTGAATATGGTGTGGCTGAGTA, 51, 52.6, 51, 52.6
1, 5248740, TTGGTGTTCTTA[T/C]AGAAATCCTGTG, TTGGTGTTCTTAAAGAAATCCTGTG, TTGGTGTTCTTACAGAAATCCTGTG, TTGGTGTTCTTATAGAAATCCTGTG, TTGGTGTTCTTAGAGAAATCCTGTG, 47.7, 49.3, 47.7, 49.3
1, 5541280, TTATTGCTCCCT[G/A]TACATAATAAAA, TTATTGCTCCCTATACATAATAAAA, TTATTGCTCCCTCTACATAATAAAA, TTATTGCTCCCTTTACATAATAAAA, TTATTGCTCCCTGTACATAATAAAA, 42.8, 44.4, 42.8, 44.4
1, 6062207, AAAGAGCACAGG[A/G]ACTCCACAAGAA, AAAGAGCACAGGAACTCCACAAGAA, AAAGAGCACAGGCACTCCACAAGAA, AAAGAGCACAGGTACTCCACAAGAA, AAAGAGCACAGGGACTCCACAAGAA, 51, 52.6, 51, 52.6
1, 6062222, TCCACAAGAAGA[A/C]CAGAAGACTCAA, TCCACAAGAAGAACAGAAGACTCAA, TCCACAAGAAGACCAGAAGACTCAA, TCCACAAGAAGATCAGAAGACTCAA, TCCACAAGAAGAGCAGAAGACTCAA, 49.3, 51, 49.3, 51
1, 6062235, CAGAAGACTCAA[C/G]TAACCTAAAACC, CAGAAGACTCAAATAACCTAAAACC, CAGAAGACTCAACTAACCTAAAACC, CAGAAGACTCAATTAACCTAAAACC, CAGAAGACTCAAGTAACCTAAAACC, 47.7, 49.3, 47.7, 49.3
1, 6066991, CCAAAATGAGGT[G/A]TTTCAAAACATC, CCAAAATGAGGTATTTCAAAACATC, CCAAAATGAGGTCTTTCAAAACATC, CCAAAATGAGGTTTTTCAAAACATC, CCAAAATGAGGTGTTTCAAAACATC, 46, 47.7, 46, 47.7
1, 6067219, CTCACTATAGCT[C/T]TTGTTCTGATGA, CTCACTATAGCTATTGTTCTGATGA, CTCACTATAGCTCTTGTTCTGATGA, CTCACTATAGCTTTTGTTCTGATGA, CTCACTATAGCTGTTGTTCTGATGA, 47.7, 49.3, 47.7, 49.3
1, 6117177, TAAAAGTTTGCT[A/G]TGCAAGAATGGT, TAAAAGTTTGCTATGCAAGAATGGT, TAAAAGTTTGCTCTGCAAGAATGGT, TAAAAGTTTGCTTTGCAAGAATGGT, TAAAAGTTTGCTGTGCAAGAATGGT, 46, 47.7, 46, 47.7
1, 6117400, TAGCAACCTAAA[G/T]AACTGAGAGATT, TAGCAACCTAAAAAACTGAGAGATT, TAGCAACCTAAACAACTGAGAGATT, TAGCAACCTAAATAACTGAGAGATT, TAGCAACCTAAAGAACTGAGAGATT, 46, 47.7, 46, 47.7
1, 6122110, ACAACGGAAAGC[T/C]TANAGATTCATA, ACAACGGAAAGCATANAGATTCATA, ACAACGGAAAGCCTANAGATTCATA, ACAACGGAAAGCTTANAGATTCATA, ACAACGGAAAGCGTANAGATTCATA, 46, 47.7, 46, 47.7
1, 6122113, ACGGAAAGCNTA[C/T]AGATTCATAGAA, ACGGAAAGCNTAAAGATTCATAGAA, ACGGAAAGCNTACAGATTCATAGAA, ACGGAAAGCNTATAGATTCATAGAA, ACGGAAAGCNTAGAGATTCATAGAA, 46, 47.7, 46, 47.7
1, 6321244, GGTGTAGGACCA[T/C]TTCACACTGCTG, GGTGTAGGACCAATTCACACTGCTG, GGTGTAGGACCACTTCACACTGCTG, GGTGTAGGACCATTTCACACTGCTG, GGTGTAGGACCAGTTCACACTGCTG, 54.2, 55.9, 54.2, 55.9
1, 6563331, GTTGAAGTCATA[A/G]CAAGATATTTTN, GTTGAAGTCATAACAAGATATTTTN, GTTGAAGTCATACCAAGATATTTTN, GTTGAAGTCATATCAAGATATTTTN, GTTGAAGTCATAGCAAGATATTTTN, 42.8, 44.4, 42.8, 44.4
1, 6563343, NCAAGATATTTT[G/T]TATTGCTTGAGA, NCAAGATATTTTATATTGCTTGAGA, NCAAGATATTTTCTATTGCTTGAGA, NCAAGATATTTTTTATTGCTTGAGA, NCAAGATATTTTGTATTGCTTGAGA, 42.8, 44.4, 42.8, 44.4
1, 6563358, TTGCTTGAGACT[A/G]TTATGAAGGGTA, TTGCTTGAGACTATTATGAAGGGTA, TTGCTTGAGACTCTTATGAAGGGTA, TTGCTTGAGACTTTTATGAAGGGTA, TTGCTTGAGACTGTTATGAAGGGTA, 47.7, 49.3, 47.7, 49.3
1, 6563497, AGTTCCTTGGTG[A/G]AATTTCTGGGAT, AGTTCCTTGGTGAAATTTCTGGGAT, AGTTCCTTGGTGCAATTTCTGGGAT, AGTTCCTTGGTGTAATTTCTGGGAT, AGTTCCTTGGTGGAATTTCTGGGAT, 49.3, 51, 49.3, 51
1, 6748866, TTTAATATTATG[T/C]ATGGGATAGTCA, TTTAATATTATGAATGGGATAGTCA, TTTAATATTATGCATGGGATAGTCA, TTTAATATTATGTATGGGATAGTCA, TTTAATATTATGGATGGGATAGTCA, 42.8, 44.4, 42.8, 44.4
1, 6748937, AAAAAAAAATAA[G/A]AGCTCCTCTTTT, AAAAAAAAATAAAAGCTCCTCTTTT, AAAAAAAAATAACAGCTCCTCTTTT, AAAAAAAAATAATAGCTCCTCTTTT, AAAAAAAAATAAGAGCTCCTCTTTT, 41.1, 42.8, 41.1, 42.8
1, 6748962, GCCCAGATAATT[T/C]CATTTTCTCAAA, GCCCAGATAATTACATTTTCTCAAA, GCCCAGATAATTCCATTTTCTCAAA, GCCCAGATAATTTCATTTTCTCAAA, GCCCAGATAATTGCATTTTCTCAAA, 46, 47.7, 46, 47.7
1, 6749007, TGGATAGGAACA[C/G]TAGTCATTTGCT, TGGATAGGAACAATAGTCATTTGCT, TGGATAGGAACACTAGTCATTTGCT, TGGATAGGAACATTAGTCATTTGCT, TGGATAGGAACAGTAGTCATTTGCT, 47.7, 49.3, 47.7, 49.3
1, 6879985, AGGCAGGAAGAT[T/C]GTGACTTTCAGA, AGGCAGGAAGATAGTGACTTTCAGA, AGGCAGGAAGATCGTGACTTTCAGA, AGGCAGGAAGATTGTGACTTTCAGA, AGGCAGGAAGATGGTGACTTTCAGA, 51, 52.6, 51, 52.6
1, 6880043, GGGGAGAGGGCA[A/G]AAAAATCCTTTT, GGGGAGAGGGCAAAAAAATCCTTTT, GGGGAGAGGGCACAAAAATCCTTTT, GGGGAGAGGGCATAAAAATCCTTTT, GGGGAGAGGGCAGAAAAATCCTTTT, 51, 52.6, 51, 52.6
1, 6880151, CAATGTCATCTC[G/A]AAAAAGANGGAA, CAATGTCATCTCAAAAAAGANGGAA, CAATGTCATCTCCAAAAAGANGGAA, CAATGTCATCTCTAAAAAGANGGAA, CAATGTCATCTCGAAAAAGANGGAA, 46, 47.7, 46, 47.7
1, 6880159, TCTCNAAAAAGA[T/A]GGAAGTATGGCT, TCTCNAAAAAGAAGGAAGTATGGCT, TCTCNAAAAAGACGGAAGTATGGCT, TCTCNAAAAAGATGGAAGTATGGCT, TCTCNAAAAAGAGGGAAGTATGGCT, 47.7, 49.3, 47.7, 49.3
1, 6884853, AGGAGGATGAGT[A/G]GCTTTTGTGAAC, AGGAGGATGAGTAGCTTTTGTGAAC, AGGAGGATGAGTCGCTTTTGTGAAC, AGGAGGATGAGTTGCTTTTGTGAAC, AGGAGGATGAGTGGCTTTTGTGAAC, 51, 52.6, 51, 52.6
1, 6884867, CTTTTGTGAACT[A/G]TGGGTGAAAATA, CTTTTGTGAACTATGGGTGAAAATA, CTTTTGTGAACTCTGGGTGAAAATA, CTTTTGTGAACTTTGGGTGAAAATA, CTTTTGTGAACTGTGGGTGAAAATA, 46, 47.7, 46, 47.7
1, 6884945, AAGTAGAAGAAC[T/A]GTGAGACCCAGA, AAGTAGAAGAACAGTGAGACCCAGA, AAGTAGAAGAACCGTGAGACCCAGA, AAGTAGAAGAACTGTGAGACCCAGA, AAGTAGAAGAACGGTGAGACCCAGA, 51, 52.6, 51, 52.6
1, 6905302, GAGAGAGAGAGA[G/A]AGAGAGAGAGAG, GAGAGAGAGAGAAAGAGAGAGAGAG, GAGAGAGAGAGACAGAGAGAGAGAG, GAGAGAGAGAGATAGAGAGAGAGAG, GAGAGAGAGAGAGAGAGAGAGAGAG, 52.6, 54.2, 52.6, 54.2
1, 6905320, GAGAGAGAAGGA[A/G]GATGAGGACCAT, GAGAGAGAAGGAAGATGAGGACCAT, GAGAGAGAAGGACGATGAGGACCAT, GAGAGAGAAGGATGATGAGGACCAT, GAGAGAGAAGGAGGATGAGGACCAT, 52.6, 54.2, 52.6, 54.2
1, 6905406, GAGCAAGAGCAA[G/A]AAGGCAACAGAG, GAGCAAGAGCAAAAAGGCAACAGAG, GAGCAAGAGCAACAAGGCAACAGAG, GAGCAAGAGCAATAAGGCAACAGAG, GAGCAAGAGCAAGAAGGCAACAGAG, 52.6, 54.2, 52.6, 54.2
1, 6905420, AGGCAACAGAGA[G/T]AGGAGGGTGGTA, AGGCAACAGAGAAAGGAGGGTGGTA, AGGCAACAGAGACAGGAGGGTGGTA, AGGCAACAGAGATAGGAGGGTGGTA, AGGCAACAGAGAGAGGAGGGTGGTA, 54.2, 55.9, 54.2, 55.9
1, 6969662, TTGTCATAGCAA[C/T]AAGAAAAGTAAC, TTGTCATAGCAAAAAGAAAAGTAAC, TTGTCATAGCAACAAGAAAAGTAAC, TTGTCATAGCAATAAGAAAAGTAAC, TTGTCATAGCAAGAAGAAAAGTAAC, 44.4, 46, 44.4, 46
1, 7012068, ATTCTGCTTCAC[C/T]CTAGCCATCANC, ATTCTGCTTCACACTAGCCATCANC, ATTCTGCTTCACCCTAGCCATCANC, ATTCTGCTTCACTCTAGCCATCANC, ATTCTGCTTCACGCTAGCCATCANC, 51, 52.6, 51, 52.6
1, 7012079, CNCTAGCCATCA[T/C]CCAGAACACTGT, CNCTAGCCATCAACCAGAACACTGT, CNCTAGCCATCACCCAGAACACTGT, CNCTAGCCATCATCCAGAACACTGT, CNCTAGCCATCAGCCAGAACACTGT, 52.6, 54.2, 52.6, 54.2
1, 7012167, CAGTTCTCATAA[A/G]CCAGANGATGGC, CAGTTCTCATAAACCAGANGATGGC, CAGTTCTCATAACCCAGANGATGGC, CAGTTCTCATAATCCAGANGATGGC, CAGTTCTCATAAGCCAGANGATGGC, 51, 52.6, 51, 52.6
1, 7012173, TCATAANCCAGA[T/C]GATGGCTCACAA, TCATAANCCAGAAGATGGCTCACAA, TCATAANCCAGACGATGGCTCACAA, TCATAANCCAGATGATGGCTCACAA, TCATAANCCAGAGGATGGCTCACAA, 49.3, 51, 49.3, 51
1, 7012426, TGACTGCTCTTC[T/C]GAAGGTCCTGAG, TGACTGCTCTTCAGAAGGTCCTGAG, TGACTGCTCTTCCGAAGGTCCTGAG, TGACTGCTCTTCTGAAGGTCCTGAG, TGACTGCTCTTCGGAAGGTCCTGAG, 54.2, 55.9, 54.2, 55.9
1, 7012473, GTGGCTCACAAC[T/C]ATCTGTAATGAG, GTGGCTCACAACAATCTGTAATGAG, GTGGCTCACAACCATCTGTAATGAG, GTGGCTCACAACTATCTGTAATGAG, GTGGCTCACAACGATCTGTAATGAG, 51, 52.6, 51, 52.6
1, 7159648, GCAGTCAGTACA[G/A]GTCAGGCAGAGT, GCAGTCAGTACAAGTCAGGCAGAGT, GCAGTCAGTACACGTCAGGCAGAGT, GCAGTCAGTACATGTCAGGCAGAGT, GCAGTCAGTACAGGTCAGGCAGAGT, 54.2, 55.9, 54.2, 55.9
1, 7166135, GTAACTATTTCT[G/A]TAGAGCGCATGG, GTAACTATTTCTATAGAGCGCATGG, GTAACTATTTCTCTAGAGCGCATGG, GTAACTATTTCTTTAGAGCGCATGG, GTAACTATTTCTGTAGAGCGCATGG, 49.3, 51, 49.3, 51
1, 7317440, CCTCTCTAGCCA[A/G]TTTGGCTTCACA, CCTCTCTAGCCAATTTGGCTTCACA, CCTCTCTAGCCACTTTGGCTTCACA, CCTCTCTAGCCATTTTGGCTTCACA, CCTCTCTAGCCAGTTTGGCTTCACA, 52.6, 54.2, 52.6, 54.2
1, 7645353, AATCTCAGTGCC[G/A]CATGCCCTAGAA, AATCTCAGTGCCACATGCCCTAGAA, AATCTCAGTGCCCCATGCCCTAGAA, AATCTCAGTGCCTCATGCCCTAGAA, AATCTCAGTGCCGCATGCCCTAGAA, 52.6, 54.2, 52.6, 54.2
1, 7649439, TAGTAGAATAAG[C/T]AACTAGTATTTG, TAGTAGAATAAGAAACTAGTATTTG, TAGTAGAATAAGCAACTAGTATTTG, TAGTAGAATAAGTAACTAGTATTTG, TAGTAGAATAAGGAACTAGTATTTG, 42.8, 44.4, 42.8, 44.4
1, 7649552, TTTTTTGATGAC[T/C]TTCCAACAAATT, TTTTTTGATGACATTCCAACAAATT, TTTTTTGATGACCTTCCAACAAATT, TTTTTTGATGACTTTCCAACAAATT, TTTTTTGATGACGTTCCAACAAATT, 42.8, 44.4, 42.8, 44.4
1, 7700151, GTTCTCATGTTC[G/T]GTTCAGAAAACA, GTTCTCATGTTCAGTTCAGAAAACA, GTTCTCATGTTCCGTTCAGAAAACA, GTTCTCATGTTCTGTTCAGAAAACA, GTTCTCATGTTCGGTTCAGAAAACA, 47.7, 49.3, 47.7, 49.3
1, 7700229, GGATCCCCATAC[A/C]TCCAAGTCAGTT, GGATCCCCATACATCCAAGTCAGTT, GGATCCCCATACCTCCAAGTCAGTT, GGATCCCCATACTTCCAAGTCAGTT, GGATCCCCATACGTCCAAGTCAGTT, 52.6, 54.2, 52.6, 54.2
1, 7700287, AAGACACCAAAT[A/G]AAAGACCCACAA, AAGACACCAAATAAAAGACCCACAA, AAGACACCAAATCAAAGACCCACAA, AAGACACCAAATTAAAGACCCACAA, AAGACACCAAATGAAAGACCCACAA, 47.7, 49.3, 47.7, 49.3
1, 7835636, GTGCCACACATC[C/A]TAATCTTTCGCA, GTGCCACACATCATAATCTTTCGCA, GTGCCACACATCCTAATCTTTCGCA, GTGCCACACATCTTAATCTTTCGCA, GTGCCACACATCGTAATCTTTCGCA, 51, 52.6, 51, 52.6
1, 7839630, TGTTTTGTTGGA[C/T]TCTCCATGGTTC, TGTTTTGTTGGAATCTCCATGGTTC, TGTTTTGTTGGACTCTCCATGGTTC, TGTTTTGTTGGATTCTCCATGGTTC, TGTTTTGTTGGAGTCTCCATGGTTC, 49.3, 51, 49.3, 51
1, 7839693, ACAATTTATATG[C/T]ATTTTAAGTAAG, ACAATTTATATGAATTTTAAGTAAG, ACAATTTATATGCATTTTAAGTAAG, ACAATTTATATGTATTTTAAGTAAG, ACAATTTATATGGATTTTAAGTAAG, 39.5, 41.1, 39.5, 41.1
1, 7839771, TCCCTATGTTAC[C/A]CTCTTTCTTGAC, TCCCTATGTTACACTCTTTCTTGAC, TCCCTATGTTACCCTCTTTCTTGAC, TCCCTATGTTACTCTCTTTCTTGAC, TCCCTATGTTACGCTCTTTCTTGAC, 49.3, 51, 49.3, 51
1, 7843889, GTCCAAAGAACT[A/G]CTCTTAGCTGGC, GTCCAAAGAACTACTCTTAGCTGGC, GTCCAAAGAACTCCTCTTAGCTGGC, GTCCAAAGAACTTCTCTTAGCTGGC, GTCCAAAGAACTGCTCTTAGCTGGC, 52.6, 54.2, 52.6, 54.2
1, 7878527, CTGGAACCAATG[G/A]GGGGCATTGGCA, CTGGAACCAATGAGGGGCATTGGCA, CTGGAACCAATGCGGGGCATTGGCA, CTGGAACCAATGTGGGGCATTGGCA, CTGGAACCAATGGGGGGCATTGGCA, 55.9, 57.5, 55.9, 57.5
1, 7882466, GGTATATTCATA[C/T]ACCAGAGCCTGA, GGTATATTCATAAACCAGAGCCTGA, GGTATATTCATACACCAGAGCCTGA, GGTATATTCATATACCAGAGCCTGA, GGTATATTCATAGACCAGAGCCTGA, 49.3, 51, 49.3, 51
1, 7882527, ATGGGAGCAGAA[T/G]CTGAGATCCATT, ATGGGAGCAGAAACTGAGATCCATT, ATGGGAGCAGAACCTGAGATCCATT, ATGGGAGCAGAATCTGAGATCCATT, ATGGGAGCAGAAGCTGAGATCCATT, 51, 52.6, 51, 52.6
1, 7882673, GAGTTTCACAGA[G/C]ACTGAACTGACA, GAGTTTCACAGAAACTGAACTGACA, GAGTTTCACAGACACTGAACTGACA, GAGTTTCACAGATACTGAACTGACA, GAGTTTCACAGAGACTGAACTGACA, 49.3, 51, 49.3, 51
1, 7894012, TGAAAGACTGTA[C/G]TAGCCTAAAGGA, TGAAAGACTGTAATAGCCTAAAGGA, TGAAAGACTGTACTAGCCTAAAGGA, TGAAAGACTGTATTAGCCTAAAGGA, TGAAAGACTGTAGTAGCCTAAAGGA, 47.7, 49.3, 47.7, 49.3
1, 7896983, TGGTGGGCAGAC[G/A]TTTTAGCCTACC, TGGTGGGCAGACATTTTAGCCTACC, TGGTGGGCAGACCTTTTAGCCTACC, TGGTGGGCAGACTTTTTAGCCTACC, TGGTGGGCAGACGTTTTAGCCTACC, 54.2, 55.9, 54.2, 55.9
1, 7897087, TTTTACTTTACA[T/A]AGCTAGCTTACT, TTTTACTTTACAAAGCTAGCTTACT, TTTTACTTTACACAGCTAGCTTACT, TTTTACTTTACATAGCTAGCTTACT, TTTTACTTTACAGAGCTAGCTTACT, 44.4, 46, 44.4, 46
1, 7897135, CTTCCAACAGAA[G/A]TCCTCACTCCTG, CTTCCAACAGAAATCCTCACTCCTG, CTTCCAACAGAACTCCTCACTCCTG, CTTCCAACAGAATTCCTCACTCCTG, CTTCCAACAGAAGTCCTCACTCCTG, 52.6, 54.2, 52.6, 54.2
1, 7925424, GTCCAAAGTAAT[A/G]CCTTAGAAGACT, GTCCAAAGTAATACCTTAGAAGACT, GTCCAAAGTAATCCCTTAGAAGACT, GTCCAAAGTAATTCCTTAGAAGACT, GTCCAAAGTAATGCCTTAGAAGACT, 47.7, 49.3, 47.7, 49.3
1, 7925437, CCTTAGAAGACT[G/T]TAAGAAGCAAAC, CCTTAGAAGACTATAAGAAGCAAAC, CCTTAGAAGACTCTAAGAAGCAAAC, CCTTAGAAGACTTTAAGAAGCAAAC, CCTTAGAAGACTGTAAGAAGCAAAC, 47.7, 49.3, 47.7, 49.3
1, 7925631, GATATGATGCCA[G/A]CAANCTAAATTA, GATATGATGCCAACAANCTAAATTA, GATATGATGCCACCAANCTAAATTA, GATATGATGCCATCAANCTAAATTA, GATATGATGCCAGCAANCTAAATTA, 44.4, 46, 44.4, 46
1, 7925635, TGATGCCANCAA[T/A]CTAAATTAAGGT, TGATGCCANCAAACTAAATTAAGGT, TGATGCCANCAACCTAAATTAAGGT, TGATGCCANCAATCTAAATTAAGGT, TGATGCCANCAAGCTAAATTAAGGT, 46, 47.7, 46, 47.7
1, 8048572, GTTTTGGTATTG[T/G]TTTTGGTTTTTG, GTTTTGGTATTGATTTTGGTTTTTG, GTTTTGGTATTGCTTTTGGTTTTTG, GTTTTGGTATTGTTTTTGGTTTTTG, GTTTTGGTATTGGTTTTGGTTTTTG, 44.4, 46, 44.4, 46
1, 8048810, CCATGTGTTCGA[G/A]GTTTTTCCCCAC, CCATGTGTTCGAAGTTTTTCCCCAC, CCATGTGTTCGACGTTTTTCCCCAC, CCATGTGTTCGATGTTTTTCCCCAC, CCATGTGTTCGAGGTTTTTCCCCAC, 52.6, 54.2, 52.6, 54.2
1, 8048946, TGCTGACTCCCA[G/A]TTGAACCAGTAC, TGCTGACTCCCAATTGAACCAGTAC, TGCTGACTCCCACTTGAACCAGTAC, TGCTGACTCCCATTTGAACCAGTAC, TGCTGACTCCCAGTTGAACCAGTAC, 52.6, 54.2, 52.6, 54.2
1, 8055483, AAAACTCAATTA[T/A]ATGTAATCTGGT, AAAACTCAATTAAATGTAATCTGGT, AAAACTCAATTACATGTAATCTGGT, AAAACTCAATTATATGTAATCTGGT, AAAACTCAATTAGATGTAATCTGGT, 42.8, 44.4, 42.8, 44.4
1, 8055643, CAAATCCCCTAA[A/G]AACTTACCATTT, CAAATCCCCTAAAAACTTACCATTT, CAAATCCCCTAACAACTTACCATTT, CAAATCCCCTAATAACTTACCATTT, CAAATCCCCTAAGAACTTACCATTT, 46, 47.7, 46, 47.7
1, 8110094, TGTATCAAAGAT[G/T]ATTGTAGAAAAA, TGTATCAAAGATAATTGTAGAAAAA, TGTATCAAAGATCATTGTAGAAAAA, TGTATCAAAGATTATTGTAGAAAAA, TGTATCAAAGATGATTGTAGAAAAA, 41.1, 42.8, 41.1, 42.8
1, 8110261, GATATCATGGAA[T/G]AATGAAACCACA, GATATCATGGAAAAATGAAACCACA, GATATCATGGAACAATGAAACCACA, GATATCATGGAATAATGAAACCACA, GATATCATGGAAGAATGAAACCACA, 46, 47.7, 46, 47.7
1, 8329931, CTCTTCCAAAGC[C/T]GTTAATCCATAA, CTCTTCCAAAGCAGTTAATCCATAA, CTCTTCCAAAGCCGTTAATCCATAA, CTCTTCCAAAGCTGTTAATCCATAA, CTCTTCCAAAGCGGTTAATCCATAA, 47.7, 49.3, 47.7, 49.3
1, 8329995, CAGAGAGCAGTC[A/T]CATTTTTCACAA, CAGAGAGCAGTCACATTTTTCACAA, CAGAGAGCAGTCCCATTTTTCACAA, CAGAGAGCAGTCTCATTTTTCACAA, CAGAGAGCAGTCGCATTTTTCACAA, 49.3, 51, 49.3, 51
1, 8330359, AAAAGGATCAAA[A/G]AAAATGCCAAAT, AAAAGGATCAAAAAAAATGCCAAAT, AAAAGGATCAAACAAAATGCCAAAT, AAAAGGATCAAATAAAATGCCAAAT, AAAAGGATCAAAGAAAATGCCAAAT, 42.8, 44.4, 42.8, 44.4
1, 8397817, AGAGGGCACAGG[T/G]ACAGCATCCTAA, AGAGGGCACAGGAACAGCATCCTAA, AGAGGGCACAGGCACAGCATCCTAA, AGAGGGCACAGGTACAGCATCCTAA, AGAGGGCACAGGGACAGCATCCTAA, 54.2, 55.9, 54.2, 55.9
1, 8397838, CTAATTAACAAA[G/A]TCAGAAAGGAAA, CTAATTAACAAAATCAGAAAGGAAA, CTAATTAACAAACTCAGAAAGGAAA, CTAATTAACAAATTCAGAAAGGAAA, CTAATTAACAAAGTCAGAAAGGAAA, 42.8, 44.4, 42.8, 44.4
1, 8517411, TAATCTTTAATG[T/C]TTTTTTATAAAA, TAATCTTTAATGATTTTTTATAAAA, TAATCTTTAATGCTTTTTTATAAAA, TAATCTTTAATGTTTTTTTATAAAA, TAATCTTTAATGGTTTTTTATAAAA, 36.2, 37.8, 36.2, 37.8
1, 8522393, AAGATCCTAAAA[C/T]TCAAATGTTGAA, AAGATCCTAAAAATCAAATGTTGAA, AAGATCCTAAAACTCAAATGTTGAA, AAGATCCTAAAATTCAAATGTTGAA, AAGATCCTAAAAGTCAAATGTTGAA, 42.8, 44.4, 42.8, 44.4
1, 8544679, GAGATAAGGTAA[G/T]GGTACTTGATCT, GAGATAAGGTAAAGGTACTTGATCT, GAGATAAGGTAACGGTACTTGATCT, GAGATAAGGTAATGGTACTTGATCT, GAGATAAGGTAAGGGTACTTGATCT, 47.7, 49.3, 47.7, 49.3
1, 8603360, TACTAAGTCAAA[G/A]AAAAAGTTAACA, TACTAAGTCAAAAAAAAAGTTAACA, TACTAAGTCAAACAAAAAGTTAACA, TACTAAGTCAAATAAAAAGTTAACA, TACTAAGTCAAAGAAAAAGTTAACA, 41.1, 42.8, 41.1, 42.8
1, 8717037, TAGGATTTTAAT[G/C]TGAGTTAAAATG, TAGGATTTTAATATGAGTTAAAATG, TAGGATTTTAATCTGAGTTAAAATG, TAGGATTTTAATTTGAGTTAAAATG, TAGGATTTTAATGTGAGTTAAAATG, 41.1, 42.8, 41.1, 42.8
1, 8827941, AAAGATTGATTT[T/G]GCTATATAAATT, AAAGATTGATTTAGCTATATAAATT, AAAGATTGATTTCGCTATATAAATT, AAAGATTGATTTTGCTATATAAATT, AAAGATTGATTTGGCTATATAAATT, 39.5, 41.1, 39.5, 41.1
1, 8873482, GTATCTCTAAAA[A/G]TTGTGATTAAGA, GTATCTCTAAAAATTGTGATTAAGA, GTATCTCTAAAACTTGTGATTAAGA, GTATCTCTAAAATTTGTGATTAAGA, GTATCTCTAAAAGTTGTGATTAAGA, 42.8, 44.4, 42.8, 44.4
1, 8949378, GCACATCTAGCA[G/A]TTTTCATGTAGA, GCACATCTAGCAATTTTCATGTAGA, GCACATCTAGCACTTTTCATGTAGA, GCACATCTAGCATTTTTCATGTAGA, GCACATCTAGCAGTTTTCATGTAGA, 47.7, 49.3, 47.7, 49.3
1, 8969915, CTATACACTCTT[C/T]CTAACTAGTTCA, CTATACACTCTTACTAACTAGTTCA, CTATACACTCTTCCTAACTAGTTCA, CTATACACTCTTTCTAACTAGTTCA, CTATACACTCTTGCTAACTAGTTCA, 46, 47.7, 46, 47.7
1, 9072542, GTCAGAGTCTCC[A/C]GTTGTTTAAGTA, GTCAGAGTCTCCAGTTGTTTAAGTA, GTCAGAGTCTCCCGTTGTTTAAGTA, GTCAGAGTCTCCTGTTGTTTAAGTA, GTCAGAGTCTCCGGTTGTTTAAGTA, 49.3, 51, 49.3, 51
1, 9072773, TTCTGAAACTAC[G/A]TTTATGGGTCAA, TTCTGAAACTACATTTATGGGTCAA, TTCTGAAACTACCTTTATGGGTCAA, TTCTGAAACTACTTTTATGGGTCAA, TTCTGAAACTACGTTTATGGGTCAA, 46, 47.7, 46, 47.7
1, 9079854, GCAGAAATCCTT[T/C]GACCCCTTTGGC, GCAGAAATCCTTAGACCCCTTTGGC, GCAGAAATCCTTCGACCCCTTTGGC, GCAGAAATCCTTTGACCCCTTTGGC, GCAGAAATCCTTGGACCCCTTTGGC, 54.2, 55.9, 54.2, 55.9
1, 9080019, AGGTCTCTAAAC[C/T]ATGCCTCAAATG, AGGTCTCTAAACAATGCCTCAAATG, AGGTCTCTAAACCATGCCTCAAATG, AGGTCTCTAAACTATGCCTCAAATG, AGGTCTCTAAACGATGCCTCAAATG, 49.3, 51, 49.3, 51
1, 9080139, CACCCCTAATCC[T/A]CAAATAAGATAT, CACCCCTAATCCACAAATAAGATAT, CACCCCTAATCCCCAAATAAGATAT, CACCCCTAATCCTCAAATAAGATAT, CACCCCTAATCCGCAAATAAGATAT, 47.7, 49.3, 47.7, 49.3
1, 9086556, ACACAGCATTGG[A/G]TCATTTTGNGTT, ACACAGCATTGGATCATTTTGNGTT, ACACAGCATTGGCTCATTTTGNGTT, ACACAGCATTGGTTCATTTTGNGTT, ACACAGCATTGGGTCATTTTGNGTT, 47.7, 49.3, 47.7, 49.3
1, 9086565, TGGNTCATTTTG[A/G]GTTAGCATGNTA, TGGNTCATTTTGAGTTAGCATGNTA, TGGNTCATTTTGCGTTAGCATGNTA, TGGNTCATTTTGTGTTAGCATGNTA, TGGNTCATTTTGGGTTAGCATGNTA, 46, 47.7, 46, 47.7
1, 9086575, TGNGTTAGCATG[A/G]TAATTTTATTTT, TGNGTTAGCATGATAATTTTATTTT, TGNGTTAGCATGCTAATTTTATTTT, TGNGTTAGCATGTTAATTTTATTTT, TGNGTTAGCATGGTAATTTTATTTT, 41.1, 42.8, 41.1, 42.8
1, 9086708, ATATAAAGTACA[T/C]GCACACAACCAC, ATATAAAGTACAAGCACACAACCAC, ATATAAAGTACACGCACACAACCAC, ATATAAAGTACATGCACACAACCAC, ATATAAAGTACAGGCACACAACCAC, 47.7, 49.3, 47.7, 49.3
1, 9086743, TTTAGCACATGG[G/A]ACACACCATGCA, TTTAGCACATGGAACACACCATGCA, TTTAGCACATGGCACACACCATGCA, TTTAGCACATGGTACACACCATGCA, TTTAGCACATGGGACACACCATGCA, 51, 52.6, 51, 52.6
1, 9195010, GGGTGAAGTAAT[C/T]GTAAANCACAAT, GGGTGAAGTAATAGTAAANCACAAT, GGGTGAAGTAATCGTAAANCACAAT, GGGTGAAGTAATTGTAAANCACAAT, GGGTGAAGTAATGGTAAANCACAAT, 46, 47.7, 46, 47.7
1, 9195016, AGTAATNGTAAA[A/G]CACAATGGAGAG, AGTAATNGTAAAACACAATGGAGAG, AGTAATNGTAAACCACAATGGAGAG, AGTAATNGTAAATCACAATGGAGAG, AGTAATNGTAAAGCACAATGGAGAG, 46, 47.7, 46, 47.7
1, 9195045, GATGGAGATGGA[T/C]CTTTTCTTCATC, GATGGAGATGGAACTTTTCTTCATC, GATGGAGATGGACCTTTTCTTCATC, GATGGAGATGGATCTTTTCTTCATC, GATGGAGATGGAGCTTTTCTTCATC, 49.3, 51, 49.3, 51
1, 9195074, TTCAGAGACAGG[G/A]AATTGCTGTGGC, TTCAGAGACAGGAAATTGCTGTGGC, TTCAGAGACAGGCAATTGCTGTGGC, TTCAGAGACAGGTAATTGCTGTGGC, TTCAGAGACAGGGAATTGCTGTGGC, 52.6, 54.2, 52.6, 54.2
1, 9195274, GGCTCTGGCACA[G/C]CTCTAGTAGATT, GGCTCTGGCACAACTCTAGTAGATT, GGCTCTGGCACACCTCTAGTAGATT, GGCTCTGGCACATCTCTAGTAGATT, GGCTCTGGCACAGCTCTAGTAGATT, 52.6, 54.2, 52.6, 54.2
1, 9195296, ATTCAACACAAA[G/A]CCACACCCATAT, ATTCAACACAAAACCACACCCATAT, ATTCAACACAAACCCACACCCATAT, ATTCAACACAAATCCACACCCATAT, ATTCAACACAAAGCCACACCCATAT, 47.7, 49.3, 47.7, 49.3
1, 9200187, CTTCACTGTAAG[A/G]CGGGAAGGGACA, CTTCACTGTAAGACGGGAAGGGACA, CTTCACTGTAAGCCGGGAAGGGACA, CTTCACTGTAAGTCGGGAAGGGACA, CTTCACTGTAAGGCGGGAAGGGACA, 54.2, 55.9, 54.2, 55.9
1, 9309620, GCTAAGAATTCA[T/C]GGCACATGTGTT, GCTAAGAATTCAAGGCACATGTGTT, GCTAAGAATTCACGGCACATGTGTT, GCTAAGAATTCATGGCACATGTGTT, GCTAAGAATTCAGGGCACATGTGTT, 49.3, 51, 49.3, 51
1, 9309866, TCATGAAATGCT[C/T]CAAGTGTTTATA, TCATGAAATGCTACAAGTGTTTATA, TCATGAAATGCTCCAAGTGTTTATA, TCATGAAATGCTTCAAGTGTTTATA, TCATGAAATGCTGCAAGTGTTTATA, 44.4, 46, 44.4, 46
1, 9309899, GTCATTAATAGT[A/C]CTGACAAAGAGC, GTCATTAATAGTACTGACAAAGAGC, GTCATTAATAGTCCTGACAAAGAGC, GTCATTAATAGTTCTGACAAAGAGC, GTCATTAATAGTGCTGACAAAGAGC, 47.7, 49.3, 47.7, 49.3
1, 9309943, TAATGAATTGCT[A/G]TGTATCTAAACC, TAATGAATTGCTATGTATCTAAACC, TAATGAATTGCTCTGTATCTAAACC, TAATGAATTGCTTTGTATCTAAACC, TAATGAATTGCTGTGTATCTAAACC, 44.4, 46, 44.4, 46
1, 9310024, ACTAAAACCACA[T/C]ACTGCATAAAAT, ACTAAAACCACAAACTGCATAAAAT, ACTAAAACCACACACTGCATAAAAT, ACTAAAACCACATACTGCATAAAAT, ACTAAAACCACAGACTGCATAAAAT, 44.4, 46, 44.4, 46
1, 9310039, TGCATAAAATAA[C/T]ACTGTACATGAA, TGCATAAAATAAAACTGTACATGAA, TGCATAAAATAACACTGTACATGAA, TGCATAAAATAATACTGTACATGAA, TGCATAAAATAAGACTGTACATGAA, 42.8, 44.4, 42.8, 44.4
1, 9314767, TTATTTGGTTTT[G/A]TTGAGTACAGCT, TTATTTGGTTTTATTGAGTACAGCT, TTATTTGGTTTTCTTGAGTACAGCT, TTATTTGGTTTTTTTGAGTACAGCT, TTATTTGGTTTTGTTGAGTACAGCT, 44.4, 46, 44.4, 46
1, 9314842, TTGGTAAAGATC[C/T]TTTCCAAATCTG, TTGGTAAAGATCATTTCCAAATCTG, TTGGTAAAGATCCTTTCCAAATCTG, TTGGTAAAGATCTTTTCCAAATCTG, TTGGTAAAGATCGTTTCCAAATCTG, 46, 47.7, 46, 47.7
1, 9314967, TTGCTGTTCTGT[T/G]CAGGANTTTTTC, TTGCTGTTCTGTACAGGANTTTTTC, TTGCTGTTCTGTCCAGGANTTTTTC, TTGCTGTTCTGTTCAGGANTTTTTC, TTGCTGTTCTGTGCAGGANTTTTTC, 47.7, 49.3, 47.7, 49.3
1, 9314973, TTCTGTNCAGGA[A/T]TTTTTCCCCTGT, TTCTGTNCAGGAATTTTTCCCCTGT, TTCTGTNCAGGACTTTTTCCCCTGT, TTCTGTNCAGGATTTTTTCCCCTGT, TTCTGTNCAGGAGTTTTTCCCCTGT, 49.3, 51, 49.3, 51
1, 9344924, TTCGCTTATTTA[C/T]CCACTTACTTAC, TTCGCTTATTTAACCACTTACTTAC, TTCGCTTATTTACCCACTTACTTAC, TTCGCTTATTTATCCACTTACTTAC, TTCGCTTATTTAGCCACTTACTTAC, 46, 47.7, 46, 47.7
1, 9344961, GATTAGAGATTA[A/G]CCTTTAGACAGC, GATTAGAGATTAACCTTTAGACAGC, GATTAGAGATTACCCTTTAGACAGC, GATTAGAGATTATCCTTTAGACAGC, GATTAGAGATTAGCCTTTAGACAGC, 47.7, 49.3, 47.7, 49.3
1, 9344976, TTTAGACAGCTA[C/T]TAAAGATGCTTA, TTTAGACAGCTAATAAAGATGCTTA, TTTAGACAGCTACTAAAGATGCTTA, TTTAGACAGCTATTAAAGATGCTTA, TTTAGACAGCTAGTAAAGATGCTTA, 44.4, 46, 44.4, 46
1, 9345297, TTAAGAATCAAA[C/A]TAATAGTCTAGT, TTAAGAATCAAAATAATAGTCTAGT, TTAAGAATCAAACTAATAGTCTAGT, TTAAGAATCAAATTAATAGTCTAGT, TTAAGAATCAAAGTAATAGTCTAGT, 41.1, 42.8, 41.1, 42.8
1, 9345334, CTCTGCTAAAAT[A/G]TGATTCCATCTT, CTCTGCTAAAATATGATTCCATCTT, CTCTGCTAAAATCTGATTCCATCTT, CTCTGCTAAAATTTGATTCCATCTT, CTCTGCTAAAATGTGATTCCATCTT, 46, 47.7, 46, 47.7
1, 9345409, TCTGGGCTCCAC[G/A]GCAATTAGTGCA, TCTGGGCTCCACAGCAATTAGTGCA, TCTGGGCTCCACCGCAATTAGTGCA, TCTGGGCTCCACTGCAATTAGTGCA, TCTGGGCTCCACGGCAATTAGTGCA, 54.2, 55.9, 54.2, 55.9
1, 9553053, TTAAGACCTGTT[C/T]TGTGACTGATTA, TTAAGACCTGTTATGTGACTGATTA, TTAAGACCTGTTCTGTGACTGATTA, TTAAGACCTGTTTTGTGACTGATTA, TTAAGACCTGTTGTGTGACTGATTA, 46, 47.7, 46, 47.7
1, 9630063, TTTAAGAGTGCG[C/T]CCCTAGCCAGCA, TTTAAGAGTGCGACCCTAGCCAGCA, TTTAAGAGTGCGCCCCTAGCCAGCA, TTTAAGAGTGCGTCCCTAGCCAGCA, TTTAAGAGTGCGGCCCTAGCCAGCA, 54.2, 55.9, 54.2, 55.9
1, 9642910, GGCTTAGCCATT[C/G]ACTCCTCCAAGG, GGCTTAGCCATTAACTCCTCCAAGG, GGCTTAGCCATTCACTCCTCCAAGG, GGCTTAGCCATTTACTCCTCCAAGG, GGCTTAGCCATTGACTCCTCCAAGG, 54.2, 55.9, 54.2, 55.9
1, 9767336, CCCAAGAAGAGA[A/G]GGGTCTTGTTTC, CCCAAGAAGAGAAGGGTCTTGTTTC, CCCAAGAAGAGACGGGTCTTGTTTC, CCCAAGAAGAGATGGGTCTTGTTTC, CCCAAGAAGAGAGGGGTCTTGTTTC, 52.6, 54.2, 52.6, 54.2
1, 9767395, AACCAATTTCAG[G/A]AAGGGAGCTAGT, AACCAATTTCAGAAAGGGAGCTAGT, AACCAATTTCAGCAAGGGAGCTAGT, AACCAATTTCAGTAAGGGAGCTAGT, AACCAATTTCAGGAAGGGAGCTAGT, 49.3, 51, 49.3, 51
1, 9770403, GTTTAAAATGAG[A/T]GGAATTTAAACC, GTTTAAAATGAGAGGAATTTAAACC, GTTTAAAATGAGCGGAATTTAAACC, GTTTAAAATGAGTGGAATTTAAACC, GTTTAAAATGAGGGGAATTTAAACC, 44.4, 46, 44.4, 46
1, 9774060, GTCTGAAGATTC[A/G]CAGGCCTCACAG, GTCTGAAGATTCACAGGCCTCACAG, GTCTGAAGATTCCCAGGCCTCACAG, GTCTGAAGATTCTCAGGCCTCACAG, GTCTGAAGATTCGCAGGCCTCACAG, 54.2, 55.9, 54.2, 55.9
1, 9778074, ATAGATATATGT[T/C]ACCACACTTGGC, ATAGATATATGTAACCACACTTGGC, ATAGATATATGTCACCACACTTGGC, ATAGATATATGTTACCACACTTGGC, ATAGATATATGTGACCACACTTGGC, 47.7, 49.3, 47.7, 49.3
1, 9778237, ATAGTAAAAGAA[T/C]NATTGAACATCC, ATAGTAAAAGAAANATTGAACATCC, ATAGTAAAAGAACNATTGAACATCC, ATAGTAAAAGAATNATTGAACATCC, ATAGTAAAAGAAGNATTGAACATCC, 42.8, 44.4, 42.8, 44.4
1, 9778238, TAGTAAAAGAAN[G/A]ATTGAACATCCA, TAGTAAAAGAANAATTGAACATCCA, TAGTAAAAGAANCATTGAACATCCA, TAGTAAAAGAANTATTGAACATCCA, TAGTAAAAGAANGATTGAACATCCA, 42.8, 44.4, 42.8, 44.4
1, 9852551, GCCACTGAGTGA[G/C]GGCTTTGCAGAT, GCCACTGAGTGAAGGCTTTGCAGAT, GCCACTGAGTGACGGCTTTGCAGAT, GCCACTGAGTGATGGCTTTGCAGAT, GCCACTGAGTGAGGGCTTTGCAGAT, 54.2, 55.9, 54.2, 55.9
1, 9852717, CACTGTGAGTCT[C/G]CTCTGTGATTTT, CACTGTGAGTCTACTCTGTGATTTT, CACTGTGAGTCTCCTCTGTGATTTT, CACTGTGAGTCTTCTCTGTGATTTT, CACTGTGAGTCTGCTCTGTGATTTT, 49.3, 51, 49.3, 51
1, 9852826, GTGTGTGTATAC[A/T]TGTCTGTACAGG, GTGTGTGTATACATGTCTGTACAGG, GTGTGTGTATACCTGTCTGTACAGG, GTGTGTGTATACTTGTCTGTACAGG, GTGTGTGTATACGTGTCTGTACAGG, 51, 52.6, 51, 52.6
1, 9924080, GAGACATGGTTC[C/T]NTACTGAGGGGA, GAGACATGGTTCANTACTGAGGGGA, GAGACATGGTTCCNTACTGAGGGGA, GAGACATGGTTCTNTACTGAGGGGA, GAGACATGGTTCGNTACTGAGGGGA, 52.6, 54.2, 52.6, 54.2
1, 9924081, AGACATGGTTCN[A/G]TACTGAGGGGAT, AGACATGGTTCNATACTGAGGGGAT, AGACATGGTTCNCTACTGAGGGGAT, AGACATGGTTCNTTACTGAGGGGAT, AGACATGGTTCNGTACTGAGGGGAT, 51, 52.6, 51, 52.6
1, 9924203, GAGACATGGTTC[C/T]GTACTGAGGGGA, GAGACATGGTTCAGTACTGAGGGGA, GAGACATGGTTCCGTACTGAGGGGA, GAGACATGGTTCTGTACTGAGGGGA, GAGACATGGTTCGGTACTGAGGGGA, 54.2, 55.9, 54.2, 55.9
1, 9924245, AGACATGGTTCC[G/A]TACTGAGGGGAT, AGACATGGTTCCATACTGAGGGGAT, AGACATGGTTCCCTACTGAGGGGAT, AGACATGGTTCCTTACTGAGGGGAT, AGACATGGTTCCGTACTGAGGGGAT, 52.6, 54.2, 52.6, 54.2
1, 9924271, GAGGCAGGGGCC[A/T]AGAGACATGGTT, GAGGCAGGGGCCAAGAGACATGGTT, GAGGCAGGGGCCCAGAGACATGGTT, GAGGCAGGGGCCTAGAGACATGGTT, GAGGCAGGGGCCGAGAGACATGGTT, 57.5, 59.2, 57.5, 59.2
1, 9924307, GGATGGAGGCAG[A/G]GGCCTAGAGACA, GGATGGAGGCAGAGGCCTAGAGACA, GGATGGAGGCAGCGGCCTAGAGACA, GGATGGAGGCAGTGGCCTAGAGACA, GGATGGAGGCAGGGGCCTAGAGACA, 57.5, 59.2, 57.5, 59.2
1, 9931308, AAACACAGGTCC[G/A]TTGTGGACATGA, AAACACAGGTCCATTGTGGACATGA, AAACACAGGTCCCTTGTGGACATGA, AAACACAGGTCCTTTGTGGACATGA, AAACACAGGTCCGTTGTGGACATGA, 51, 52.6, 51, 52.6
1, 9987207, CATGGTGGTGCA[A/G]TATCATCTGCTG, CATGGTGGTGCAATATCATCTGCTG, CATGGTGGTGCACTATCATCTGCTG, CATGGTGGTGCATTATCATCTGCTG, CATGGTGGTGCAGTATCATCTGCTG, 52.6, 54.2, 52.6, 54.2
1, 9994301, TAATGGTTCAGA[C/T]TATGTATCATCT, TAATGGTTCAGAATATGTATCATCT, TAATGGTTCAGACTATGTATCATCT, TAATGGTTCAGATTATGTATCATCT, TAATGGTTCAGAGTATGTATCATCT, 44.4, 46, 44.4, 46
1, 9994375, ATAATTACAAAT[T/A]TGCAACTAACCC, ATAATTACAAATATGCAACTAACCC, ATAATTACAAATCTGCAACTAACCC, ATAATTACAAATTTGCAACTAACCC, ATAATTACAAATGTGCAACTAACCC, 44.4, 46, 44.4, 46
1, 9994555, CATACCCAGCTT[G/A]AGCTCATTAATT, CATACCCAGCTTAAGCTCATTAATT, CATACCCAGCTTCAGCTCATTAATT, CATACCCAGCTTTAGCTCATTAATT, CATACCCAGCTTGAGCTCATTAATT, 47.7, 49.3, 47.7, 49.3
1, 9994587, ATGAGTTCAAGT[C/T]ANTGCAACTTAA, ATGAGTTCAAGTAANTGCAACTTAA, ATGAGTTCAAGTCANTGCAACTTAA, ATGAGTTCAAGTTANTGCAACTTAA, ATGAGTTCAAGTGANTGCAACTTAA, 44.4, 46, 44.4, 46
1, 9994589, GAGTTCAAGTNA[G/C]TGCAACTTAATG, GAGTTCAAGTNAATGCAACTTAATG, GAGTTCAAGTNACTGCAACTTAATG, GAGTTCAAGTNATTGCAACTTAATG, GAGTTCAAGTNAGTGCAACTTAATG, 46, 47.7, 46, 47.7
1, 10053195, ATGTTCAAGTCT[G/T]CACTCACGCACA, ATGTTCAAGTCTACACTCACGCACA, ATGTTCAAGTCTCCACTCACGCACA, ATGTTCAAGTCTTCACTCACGCACA, ATGTTCAAGTCTGCACTCACGCACA, 51, 52.6, 51, 52.6
1, 10082366, ACAATGCTGGAA[C/T]AGGACAGTCACA, ACAATGCTGGAAAAGGACAGTCACA, ACAATGCTGGAACAGGACAGTCACA, ACAATGCTGGAATAGGACAGTCACA, ACAATGCTGGAAGAGGACAGTCACA, 51, 52.6, 51, 52.6
1, 10088233, GAGACTCATAGA[G/A]ATTTTTAGATTT, GAGACTCATAGAAATTTTTAGATTT, GAGACTCATAGACATTTTTAGATTT, GAGACTCATAGATATTTTTAGATTT, GAGACTCATAGAGATTTTTAGATTT, 42.8, 44.4, 42.8, 44.4
1, 10288584, GACCTCATCCAT[T/G]TTGTCCTGTGTC, GACCTCATCCATATTGTCCTGTGTC, GACCTCATCCATCTTGTCCTGTGTC, GACCTCATCCATTTTGTCCTGTGTC, GACCTCATCCATGTTGTCCTGTGTC, 52.6, 54.2, 52.6, 54.2
1, 10288632, AGGGAATTCTTA[A/T]AATACACTTGTC, AGGGAATTCTTAAAATACACTTGTC, AGGGAATTCTTACAATACACTTGTC, AGGGAATTCTTATAATACACTTGTC, AGGGAATTCTTAGAATACACTTGTC, 46, 47.7, 46, 47.7
1, 10309850, AGCACTGTCACC[C/T]GCCCCTCCGCCC, AGCACTGTCACCAGCCCCTCCGCCC, AGCACTGTCACCCGCCCCTCCGCCC, AGCACTGTCACCTGCCCCTCCGCCC, AGCACTGTCACCGGCCCCTCCGCCC, 62.4, 64.1, 62.4, 64.1
1, 10309865, CCCTCCGCCCAC[A/G]GCCAGAGTCCCT, CCCTCCGCCCACAGCCAGAGTCCCT, CCCTCCGCCCACCGCCAGAGTCCCT, CCCTCCGCCCACTGCCAGAGTCCCT, CCCTCCGCCCACGGCCAGAGTCCCT, 62.4, 64.1, 62.4, 64.1
1, 10723977, TTCTTCTCAGCA[T/C]CTCATGGTACCT, TTCTTCTCAGCAACTCATGGTACCT, TTCTTCTCAGCACCTCATGGTACCT, TTCTTCTCAGCATCTCATGGTACCT, TTCTTCTCAGCAGCTCATGGTACCT, 51, 52.6, 51, 52.6
1, 10724064, AATAATCCCATC[G/C]ATCTTATCAAAT, AATAATCCCATCAATCTTATCAAAT, AATAATCCCATCCATCTTATCAAAT, AATAATCCCATCTATCTTATCAAAT, AATAATCCCATCGATCTTATCAAAT, 42.8, 44.4, 42.8, 44.4
1, 10724111, TCAATAACAAAA[C/A]CAACAGAAATCC, TCAATAACAAAAACAACAGAAATCC, TCAATAACAAAACCAACAGAAATCC, TCAATAACAAAATCAACAGAAATCC, TCAATAACAAAAGCAACAGAAATCC, 44.4, 46, 44.4, 46
1, 10724187, CATCTGTGCTAC[T/C]CTCTAAGCAGAA, CATCTGTGCTACACTCTAAGCAGAA, CATCTGTGCTACCCTCTAAGCAGAA, CATCTGTGCTACTCTCTAAGCAGAA, CATCTGTGCTACGCTCTAAGCAGAA, 51, 52.6, 51, 52.6
1, 10724210, AACCATTGCTCA[C/T]TGAAACAGTTGA, AACCATTGCTCAATGAAACAGTTGA, AACCATTGCTCACTGAAACAGTTGA, AACCATTGCTCATTGAAACAGTTGA, AACCATTGCTCAGTGAAACAGTTGA, 47.7, 49.3, 47.7, 49.3
1, 10745070, GCAGGAGATTCA[C/T]TGCAAGCTCAAG, GCAGGAGATTCAATGCAAGCTCAAG, GCAGGAGATTCACTGCAAGCTCAAG, GCAGGAGATTCATTGCAAGCTCAAG, GCAGGAGATTCAGTGCAAGCTCAAG, 52.6, 54.2, 52.6, 54.2
1, 10745371, TGATAAATGGCA[T/C]TTGACCTAACCA, TGATAAATGGCAATTGACCTAACCA, TGATAAATGGCACTTGACCTAACCA, TGATAAATGGCATTTGACCTAACCA, TGATAAATGGCAGTTGACCTAACCA, 47.7, 49.3, 47.7, 49.3
1, 10745931, TAAAGCAAAGCC[T/C]TCACGGTCCCGT, TAAAGCAAAGCCATCACGGTCCCGT, TAAAGCAAAGCCCTCACGGTCCCGT, TAAAGCAAAGCCTTCACGGTCCCGT, TAAAGCAAAGCCGTCACGGTCCCGT, 54.2, 55.9, 54.2, 55.9
1, 10746148, CCATTCTCTGAT[G/A]GCAGGTATGCGT, CCATTCTCTGATAGCAGGTATGCGT, CCATTCTCTGATCGCAGGTATGCGT, CCATTCTCTGATTGCAGGTATGCGT, CCATTCTCTGATGGCAGGTATGCGT, 52.6, 54.2, 52.6, 54.2
1, 10965691, CCTTCAGAGAAC[G/A]AAGGCTTAGTCC, CCTTCAGAGAACAAAGGCTTAGTCC, CCTTCAGAGAACCAAGGCTTAGTCC, CCTTCAGAGAACTAAGGCTTAGTCC, CCTTCAGAGAACGAAGGCTTAGTCC, 52.6, 54.2, 52.6, 54.2
1, 10965732, AACACTGTCAAA[A/G]AAAAGAGTGTTC, AACACTGTCAAAAAAAAGAGTGTTC, AACACTGTCAAACAAAAGAGTGTTC, AACACTGTCAAATAAAAGAGTGTTC, AACACTGTCAAAGAAAAGAGTGTTC, 46, 47.7, 46, 47.7
1, 10965842, AGCTCTTCTTTG[A/T]AGTAACAAAGAG, AGCTCTTCTTTGAAGTAACAAAGAG, AGCTCTTCTTTGCAGTAACAAAGAG, AGCTCTTCTTTGTAGTAACAAAGAG, AGCTCTTCTTTGGAGTAACAAAGAG, 47.7, 49.3, 47.7, 49.3
1, 10965933, GTAATTAAAAAT[G/A]TATGAGAGTATT, GTAATTAAAAATATATGAGAGTATT, GTAATTAAAAATCTATGAGAGTATT, GTAATTAAAAATTTATGAGAGTATT, GTAATTAAAAATGTATGAGAGTATT, 39.5, 41.1, 39.5, 41.1
1, 10965993, TTATGTATGATC[C/A]AAGAGTCTCTAT, TTATGTATGATCAAAGAGTCTCTAT, TTATGTATGATCCAAGAGTCTCTAT, TTATGTATGATCTAAGAGTCTCTAT, TTATGTATGATCGAAGAGTCTCTAT, 44.4, 46, 44.4, 46
1, 11048568, GAGTAGGAGGGA[T/C]AGGAGGTGTAGT, GAGTAGGAGGGAAAGGAGGTGTAGT, GAGTAGGAGGGACAGGAGGTGTAGT, GAGTAGGAGGGATAGGAGGTGTAGT, GAGTAGGAGGGAGAGGAGGTGTAGT, 54.2, 55.9, 54.2, 55.9
1, 11048668, GAAATACTCTTT[A/G]TTTTGTNTAATT, GAAATACTCTTTATTTTGTNTAATT, GAAATACTCTTTCTTTTGTNTAATT, GAAATACTCTTTTTTTTGTNTAATT, GAAATACTCTTTGTTTTGTNTAATT, 39.5, 41.1, 39.5, 41.1
1, 11048675, TCTTTNTTTTGT[A/G]TAATTTTGTGAC, TCTTTNTTTTGTATAATTTTGTGAC, TCTTTNTTTTGTCTAATTTTGTGAC, TCTTTNTTTTGTTTAATTTTGTGAC, TCTTTNTTTTGTGTAATTTTGTGAC, 41.1, 42.8, 41.1, 42.8
1, 11048754, GTTGACCTTCTT[C/T]TTCCTGGCTTCC, GTTGACCTTCTTATTCCTGGCTTCC, GTTGACCTTCTTCTTCCTGGCTTCC, GTTGACCTTCTTTTTCCTGGCTTCC, GTTGACCTTCTTGTTCCTGGCTTCC, 52.6, 54.2, 52.6, 54.2
1, 11048820, GTGAGAAAGATG[G/A]CAACNGAGGGAC, GTGAGAAAGATGACAACNGAGGGAC, GTGAGAAAGATGCCAACNGAGGGAC, GTGAGAAAGATGTCAACNGAGGGAC, GTGAGAAAGATGGCAACNGAGGGAC, 52.6, 54.2, 52.6, 54.2
1, 11048825, AAAGATGNCAAC[G/T]GAGGGACCAACT, AAAGATGNCAACAGAGGGACCAACT, AAAGATGNCAACCGAGGGACCAACT, AAAGATGNCAACTGAGGGACCAACT, AAAGATGNCAACGGAGGGACCAACT, 51, 52.6, 51, 52.6
1, 11048840, GGGACCAACTAA[G/T]TCTCAGTNGGGC, GGGACCAACTAAATCTCAGTNGGGC, GGGACCAACTAACTCTCAGTNGGGC, GGGACCAACTAATTCTCAGTNGGGC, GGGACCAACTAAGTCTCAGTNGGGC, 54.2, 55.9, 54.2, 55.9
1, 11048848, CTAANTCTCAGT[G/T]GGGCAACCTTTG, CTAANTCTCAGTAGGGCAACCTTTG, CTAANTCTCAGTCGGGCAACCTTTG, CTAANTCTCAGTTGGGCAACCTTTG, CTAANTCTCAGTGGGGCAACCTTTG, 51, 52.6, 51, 52.6
1, 11048918, AGGGCAAACTCT[A/G]GAGAACATCAGC, AGGGCAAACTCTAGAGAACATCAGC, AGGGCAAACTCTCGAGAACATCAGC, AGGGCAAACTCTTGAGAACATCAGC, AGGGCAAACTCTGGAGAACATCAGC, 52.6, 54.2, 52.6, 54.2
